{"cameraMode":{"drawMode":0,"name":"Shaded","section":"Shading Mode"},"sceneLighting":false,"audioPlay":false,"sceneViewState":{"showFog":true,"showMaterialUpdate":false,"showSkybox":true,"showFlares":true,"showImageEffects":true,"showParticleSystems":true},"in2DMode":false,"pivot":{"x":-1.5469169616699219,"y":-8.947732925415039,"z":13.153726577758789},"rotation":{"x":-0.3933725655078888,"y":0.5844867825508118,"z":-0.386128306388855,"w":-0.5954548120498657},"size":28.833152770996095,"orthographic":false}