{"cameraMode":{"drawMode":0,"name":"Shaded","section":"Shading Mode"},"sceneLighting":false,"audioPlay":false,"sceneViewState":{"showFog":true,"showMaterialUpdate":false,"showSkybox":true,"showFlares":true,"showImageEffects":true,"showParticleSystems":true},"in2DMode":false,"pivot":{"x":-112.30368041992188,"y":-112.49201202392578,"z":56.21357345581055},"rotation":{"x":-0.2984136641025543,"y":0.524724006652832,"z":-0.203102707862854,"w":-0.7709530591964722},"size":180.516357421875,"orthographic":false}