{"cameraMode":{"drawMode":0,"name":"Shaded","section":"Shading Mode"},"sceneLighting":false,"audioPlay":false,"sceneViewState":{"showFog":true,"showMaterialUpdate":false,"showSkybox":true,"showFlares":true,"showImageEffects":true,"showParticleSystems":true},"in2DMode":false,"pivot":{"x":-2.3243565559387209,"y":-44.101539611816409,"z":15.035637855529786},"rotation":{"x":-0.4751051664352417,"y":0.5158925652503967,"z":-0.43260645866394045,"w":-0.5665825605392456},"size":60.14689636230469,"orthographic":false}